Feature,Language,Slang_Mean,Literal_Mean,Difference,N_Slang,N_Literal
58884,English,19.259978151321413,0.0,19.259978151321413,20,0
58884,Hebrew,12.526015208317684,11.2705659866333,1.2554492216843833,13,7
58884,Russian,20.912092304229738,0.0,20.912092304229738,20,0
38266,English,17.380001469662314,14.074076652526855,3.305924817135459,19,1
38266,Hebrew,14.427620520958534,14.32943412235805,0.09818639860048428,13,7
38266,Russian,27.728918838500977,0.0,27.728918838500977,20,0
106322,English,20.60616798400879,22.88651294708252,-2.2803449630737305,15,5
106322,Hebrew,19.96784883737564,19.40320897102356,0.5646398663520813,16,4
106322,Russian,20.89632449430578,27.59839121500651,-6.702066720700731,17,3
